"lineNum","startstationid","startstationname","starttotaldocks","startstationlatitude","startstationlongitude","startzip"
"1",281,"Grand Army Plaza & Central Park S",66,40.7643971,-73.97371465,"10019"
"2",304,"Broadway & Battery Pl",33,40.70463334,-74.01361706,"10004"
"3",337,"Old Slip & Front St",37,40.7037992,-74.00838676,"10005"
"4",359,"E 47 St & Park Ave",64,40.75510267,-73.97498696,"10017"
"5",377,"6 Ave & Canal St",45,40.72243797,-74.00566443,"10013"
"6",382,"University Pl & E 14 St",36,40.73492695,-73.99200509,"10003"
"7",402,"Broadway & E 22 St",39,40.7403432,-73.98955109,"10010"
"8",426,"West St & Chambers St",29,40.71754834,-74.01322069,"10282"
"9",458,"11 Ave & W 27 St",31,40.751396,-74.005226,"10001"
"10",484,"W 44 St & 5 Ave",46,40.75500254,-73.98014437,"10036"
"11",491,"E 24 St & Park Ave S",51,40.74096374,-73.98602213,"10010"
"12",514,"12 Ave & W 40 St",52,40.76087502,-74.00277668,"10018"
"13",520,"W 52 St & 5 Ave",41,40.75992262,-73.97648516,"10019"
"14",524,"W 43 St & 6 Ave",57,40.75527307,-73.98316936,"10036"
"15",3223,"E 55 St & 3 Ave",53,40.75899656,-73.96865398,"10022"
"16",3233,"E 48 St & 5 Ave",39,40.75724568,-73.97805914,"10017"
"17",3443,"W 52 St & 6 Ave",41,40.76132983,-73.97982001,"10019"
"18",72,"W 52 St & 11 Ave",55,40.76727216,-73.99392888,"10019"
"19",79,"Franklin St & W Broadway",33,40.71911552,-74.00666661,"10013"
"20",82,"St James Pl & Pearl St",27,40.71117416,-74.00016545,"10038"
"21",83,"Atlantic Ave & Fort Greene Pl",62,40.68382604,-73.97632328,"11217"
"22",119,"Park Ave & St Edwards St",19,40.69608941,-73.97803415,"11205"
"23",120,"Lexington Ave & Classon Ave",19,40.68676793,-73.95928168,"11238"
"24",127,"Barrow St & Hudson St",31,40.73172428,-74.00674436,"10014"
"25",128,"MacDougal St & Prince St",30,40.72710258,-74.00297088,"10012"
"26",143,"Clinton St & Joralemon St",24,40.69239502,-73.99337909,"11201"
"27",144,"Nassau St & Navy St",19,40.69839895,-73.98068914,"11201"
"28",146,"Hudson St & Reade St",39,40.71625008,-74.0091059,"10013"
"29",150,"E 2 St & Avenue C",54,40.7208736,-73.98085795,"10009"
"30",151,"Cleveland Pl & Spring St",33,40.72210379,-73.99724901,"10012"
"31",157,"Henry St & Atlantic Ave",23,40.69089272,-73.99612349,"11201"
"32",161,"LaGuardia Pl & W 3 St",35,40.72917025,-73.99810231,"10012"
"33",164,"E 47 St & 2 Ave",47,40.75323098,-73.97032517,"10017"
"34",167,"E 39 St & 3 Ave",45,40.7489006,-73.97604882,"10016"
"35",168,"W 18 St & 6 Ave",47,40.73971301,-73.99456405,"10011"
"36",173,"Broadway & W 49 St",51,40.76068327,-73.98452729,"10019"
"37",174,"E 25 St & 1 Ave",30,40.7381765,-73.97738662,"10010"
"38",195,"Liberty St & Broadway",45,40.70905623,-74.01043382,"10005"
"39",212,"W 16 St & The High Line",60,40.74334935,-74.00681753,"10011"
"40",216,"Columbia Heights & Cranberry St",23,40.70037867,-73.99548059,"11201"
"41",217,"Old Fulton St",39,40.70277159,-73.99383605,"10038"
"42",223,"W 13 St & 7 Ave",33,40.73781509,-73.99994661,"10011"
"43",224,"Spruce St & Nassau St",31,40.71146364,-74.00552427,"10038"
"44",228,"E 48 St & 3 Ave",55,40.7546011,-73.97187886,"10017"
"45",229,"Great Jones St",23,40.72743423,-73.99379025,"10012"
"46",236,"St Marks Pl & 2 Ave",47,40.7284186,-73.98713956,"10003"
"47",237,"E 11 St & 2 Ave",27,40.73047309,-73.98672378,"10003"
"48",238,"Bank St & Washington St",31,40.7361967,-74.00859207,"10014"
"49",239,"Willoughby St & Fleet St",31,40.69196566,-73.9813018,"11201"
"50",241,"DeKalb Ave & S Portland Ave",23,40.68981035,-73.97493121,"11217"
"51",242,"Carlton Ave & Flushing Ave",23,40.697787,-73.973736,"11205"
"52",243,"Fulton St & Rockwell Pl",31,40.688226,-73.979382,"11217"
"53",244,"Willoughby Ave & Hall St",31,40.69196035,-73.96536851,"11205"
"54",245,"Myrtle Ave & St Edwards St",23,40.69327018,-73.97703874,"11205"
"55",247,"Perry St & Bleecker St",0,40.73535398,-74.00483091,"10014"
"56",248,"Laight St & Hudson St",23,40.72185379,-74.00771779,"10013"
"57",249,"Harrison St & Hudson St",27,40.71870987,-74.0090009,"10013"
"58",251,"Mott St & Prince St",27,40.72317958,-73.99480012,"10012"
"59",252,"MacDougal St & Washington Sq",33,40.73226398,-73.99852205,"10011"
"60",254,"W 11 St & 6 Ave",59,40.73532427,-73.99800419,"10011"
"61",257,"Lispenard St & Broadway",39,40.71939226,-74.00247214,"10013"
"62",258,"DeKalb Ave & Vanderbilt Ave",23,40.68940747,-73.96885458,"11205"
"63",259,"South St & Whitehall St",19,40.70122128,-74.01234218,"10004"
"64",260,"Broad St & Bridge St",33,40.70365182,-74.01167797,"10004"
"65",261,"Johnson St & Gold St",27,40.69474881,-73.98362464,"11201"
"66",262,"Washington Park",24,40.6917823,-73.9737299,"11205"
"67",264,"Maiden Ln & Pearl St",27,40.70706456,-74.00731853,"10038"
"68",265,"Stanton St & Chrystie St",35,40.72229346,-73.99147535,"10002"
"69",266,"Avenue D & E 8 St",30,40.72368361,-73.97574813,"10009"
"70",267,"Broadway & W 36 St",57,40.75097711,-73.98765428,"10018"
"71",268,"Howard St & Centre St",23,40.71910537,-73.99973337,"10013"
"72",270,"Adelphi St & Myrtle Ave",23,40.69308257,-73.97178913,"11205"
"73",274,"Lafayette Ave & Fort Greene Pl",31,40.68691865,-73.976682,"11217"
"74",275,"Washington Ave & Greene Ave",19,40.68650065,-73.96563307,"11238"
"75",276,"Duane St & Greenwich St",25,40.71748752,-74.0104554,"10013"
"76",278,"Concord St & Bridge St",19,40.69766564,-73.98476437,"11201"
"77",279,"Peck Slip & Front St",36,40.707873,-74.00167,"10038"
"78",280,"E 10 St & 5 Ave",31,40.73331967,-73.99510132,"10003"
"79",282,"Kent Ave & S 11 St",27,40.70764494,-73.96841526,"11249"
"80",285,"Broadway & E 14 St",53,40.73454567,-73.99074142,"10003"
"81",289,"Monroe St & Classon Ave",19,40.6845683,-73.95881081,"11238"
"82",291,"Madison St & Montgomery St",20,40.713126,-73.984844,"10002"
"83",293,"Lafayette St & E 8 St",55,40.73020661,-73.99102628,"10003"
"84",295,"Pike St & E Broadway",24,40.71406667,-73.99293911,"10002"
"85",296,"Division St & Bowery",35,40.71413089,-73.9970468,"10002"
"86",297,"E 15 St & 3 Ave",27,40.734232,-73.986923,"10003"
"87",298,"3 Ave & Schermerhorn St",35,40.68683208,-73.9796772,"11217"
"88",301,"E 2 St & Avenue B",58,40.72217444,-73.98368779,"10009"
"89",302,"Avenue D & E 3 St",23,40.72082834,-73.97793172,"10009"
"90",303,"Mercer St & Spring St",67,40.72362738,-73.99949601,"10012"
"91",305,"E 58 St & 3 Ave",33,40.76095756,-73.96724467,"10022"
"92",307,"Canal St & Rutgers St",30,40.71427487,-73.98990025,"10002"
"93",308,"St James Pl & Oliver St",27,40.71307916,-73.99851193,"10038"
"94",309,"Murray St & West St",41,40.7149787,-74.013012,"10007"
"95",310,"State St & Smith St",36,40.68926942,-73.98912867,"11201"
"96",311,"Norfolk St & Broome St",31,40.7172274,-73.98802084,"10002"
"97",312,"Allen St & Stanton St",31,40.722055,-73.989111,"10002"
"98",313,"Washington Ave & Park Ave",23,40.69610226,-73.96751037,"11205"
"99",314,"Cadman Plaza West & Montague St",39,40.69383,-73.990539,"11201"
"100",315,"South St & Gouverneur Ln",29,40.70355377,-74.00670227,"10005"
"101",316,"Fulton St & William St",43,40.70955958,-74.00653609,"10038"
"102",317,"E 6 St & Avenue B",54,40.72453734,-73.98185424,"10009"
"103",319,"Fulton St & Broadway",33,40.711066,-74.009447,"10038"
"104",320,"Leonard St & Church St",27,40.717571,-74.005549,"10013"
"105",321,"Cadman Plaza E & Red Cross Pl",27,40.69991755,-73.98971773,"11201"
"106",322,"Clinton St & Tillary St",0,40.696192,-73.991218,"11201"
"107",323,"Lawrence St & Willoughby St",39,40.69236178,-73.98631746,"11201"
"108",324,"DeKalb Ave & Hudson Ave",51,40.689888,-73.981013,"11201"
"109",325,"E 19 St & 3 Ave",35,40.73624527,-73.98473765,"10003"
"110",326,"E 11 St & 1 Ave",41,40.72953837,-73.98426726,"10003"
"111",327,"Vesey Pl & River Terrace",39,40.7153379,-74.01658354,"10282"
"112",328,"Watts St & Greenwich St",23,40.72405549,-74.00965965,"10013"
"113",330,"Reade St & Broadway",39,40.71450451,-74.00562789,"10007"
"114",331,"Pike St & Monroe St",27,40.71173107,-73.99193043,"10002"
"115",332,"Cherry St",36,40.71219906,-73.97948148,"10002"
"116",334,"W 20 St & 7 Ave",31,40.74238787,-73.99726235,"10011"
"117",335,"Washington Pl & Broadway",27,40.72903917,-73.99404649,"10003"
"118",336,"Sullivan St & Washington Sq",36,40.73047747,-73.99906065,"10012"
"119",339,"Avenue D & E 12 St",30,40.72580614,-73.97422494,"10009"
"120",340,"Madison St & Clinton St",27,40.71269042,-73.98776323,"10002"
"121",341,"Stanton St & Mangin St",19,40.71782143,-73.97628939,"10002"
"122",342,"Columbia St & Rivington St",29,40.71739973,-73.98016555,"10002"
"123",343,"Clinton Ave & Flushing Ave",23,40.69794,-73.96986848,"11205"
"124",344,"Monroe St & Bedford Ave",23,40.6851443,-73.95380904,"11216"
"125",346,"Bank St & Hudson St",27,40.73652889,-74.00618026,"10014"
"126",347,"Greenwich St & W Houston St",35,40.728846,-74.008591,"10014"
"127",349,"Rivington St & Ridge St",61,40.71850211,-73.98329859,"10002"
"128",350,"Clinton St & Grand St",28,40.71559509,-73.9870295,"10002"
"129",351,"Front St & Maiden Ln",39,40.70530954,-74.00612572,"10005"
"130",353,"S Portland Ave & Hanson Pl",27,40.68539567,-73.97431458,"11217"
"131",354,"Emerson Pl & Myrtle Ave",23,40.69363137,-73.96223558,"11205"
"132",355,"Bayard St & Baxter St",43,40.71602118,-73.99974372,"10013"
"133",356,"Bialystoker Pl & Delancey St",23,40.71622644,-73.98261206,"10002"
"134",357,"E 11 St & Broadway",27,40.73261787,-73.99158043,"10003"
"135",358,"Christopher St & Greenwich St",50,40.73291553,-74.00711384,"10014"
"136",360,"William St & Pine St",39,40.70717936,-74.00887308,"10005"
"137",361,"Allen St & Hester St",43,40.71605866,-73.99190759,"10002"
"138",362,"Broadway & W 37 St",57,40.75172632,-73.98753523,"10018"
"139",363,"West Thames St",49,40.70834698,-74.01713445,"10280"
"140",364,"Lafayette Ave & Classon Ave",27,40.68900443,-73.96023854,"11238"
"141",365,"Fulton St & Grand Ave",31,40.68223166,-73.9614583,"11238"
"142",366,"Clinton Ave & Myrtle Ave",33,40.693261,-73.968896,"11205"
"143",368,"Carmine St & 6 Ave",39,40.73038599,-74.00214988,"10014"
"144",369,"Washington Pl & 6 Ave",21,40.73224119,-74.00026394,"10011"
"145",372,"Franklin Ave & Myrtle Ave",27,40.69454609,-73.95801365,"11205"
"146",373,"Willoughby Ave & Walworth St",19,40.69331716,-73.95381995,"11205"
"147",376,"John St & William St",43,40.70862144,-74.00722156,"10038"
"148",379,"W 31 St & 7 Ave",42,40.749156,-73.9916,"10001"
"149",380,"W 4 St & 7 Ave S",42,40.73401143,-74.00293877,"10014"
"150",383,"Greenwich Ave & Charles St",39,40.735238,-74.000271,"10011"
"151",385,"E 55 St & 2 Ave",29,40.75797322,-73.96603308,"10022"
"152",386,"Centre St & Worth St",43,40.71494807,-74.00234482,"10007"
"153",387,"Centre St & Chambers St",39,40.71273266,-74.0046073,"10007"
"154",388,"W 26 St & 10 Ave",35,40.74971775,-74.00295035,"10001"
"155",389,"Broadway & Berry St",27,40.71044554,-73.96525063,"11249"
"156",390,"Duffield St & Willoughby St",31,40.69221589,-73.9842844,"11201"
"157",391,"Clark St & Henry St",31,40.69760127,-73.99344559,"11201"
"158",392,"Jay St & Tech Pl",35,40.695065,-73.987167,"11201"
"159",393,"E 5 St & Avenue C",37,40.72299208,-73.97995466,"10009"
"160",394,"E 9 St & Avenue C",34,40.72521311,-73.97768752,"10009"
"161",396,"Lefferts Pl & Franklin Ave",25,40.68034242,-73.95576894,"11238"
"162",397,"Fulton St & Clermont Ave",27,40.68415748,-73.96922273,"11238"
"163",398,"Atlantic Ave & Furman St",31,40.69165183,-73.9999786,"11201"
"164",399,"Lafayette Ave & St James Pl",27,40.68851534,-73.9647628,"11205"
"165",400,"Pitt St & Stanton St",15,40.71926081,-73.98178024,"10002"
"166",401,"Allen St & Rivington St",42,40.72019576,-73.98997825,"10002"
"167",403,"E 2 St & 2 Ave",31,40.72502876,-73.99069656,"10003"
"168",405,"Washington St & Gansevoort St",51,40.739323,-74.008119,"10014"
"169",406,"Hicks St & Montague St",34,40.69512845,-73.99595065,"11201"
"170",407,"Henry St & Poplar St",37,40.700469,-73.991454,"11201"
"171",408,"Market St & Cherry St",23,40.71076228,-73.99400398,"10002"
"172",410,"Suffolk St & Stanton St",45,40.72066442,-73.98517977,"10002"
"173",411,"E 6 St & Avenue D",31,40.72228087,-73.97668709,"10009"
"174",412,"Forsyth St & Canal St",29,40.7158155,-73.99422366,"10002"
"175",414,"Pearl St & Anchorage Pl",24,40.70281858,-73.98765762,"11201"
"176",415,"Pearl St & Hanover Square",42,40.7047177,-74.00926027,"10004"
"177",416,"Cumberland St & Lafayette Ave",31,40.68753406,-73.97265183,"11238"
"178",417,"Barclay St & Church St",25,40.71291224,-74.01020234,"10007"
"179",418,"Front St & Gold St",23,40.70224,-73.982578,"11201"
"180",419,"Carlton Ave & Park Ave",23,40.69580705,-73.97355569,"11205"
"181",420,"Clermont Ave & Lafayette Ave",23,40.68764484,-73.96968902,"11238"
"182",421,"Clermont Ave & Park Ave",19,40.69573398,-73.97129668,"11205"
"183",422,"W 59 St & 10 Ave",79,40.770513,-73.988038,"10019"
"184",423,"W 54 St & 9 Ave",27,40.76584941,-73.98690506,"10019"
"185",427,"Bus Slip & State St",47,40.701907,-74.013942,"10004"
"186",432,"E 7 St & Avenue A",31,40.72621788,-73.98379855,"10009"
"187",435,"W 21 St & 6 Ave",50,40.74173969,-73.99415556,"10011"
"188",436,"Hancock St & Bedford Ave",27,40.68216564,-73.95399026,"11216"
"189",437,"Macon St & Nostrand Ave",24,40.68098339,-73.95004798,"11216"
"190",438,"St Marks Pl & 1 Ave",47,40.72779126,-73.98564945,"10003"
"191",439,"E 4 St & 2 Ave",39,40.7262807,-73.98978041,"10003"
"192",440,"E 45 St & 3 Ave",32,40.75255434,-73.97282625,"10017"
"193",441,"E 52 St & 2 Ave",40,40.756014,-73.967416,"10022"
"194",442,"W 27 St & 7 Ave",51,40.746647,-73.993915,"10001"
"195",443,"Bedford Ave & S 9 St",23,40.70853074,-73.96408963,"11249"
"196",445,"E 10 St & Avenue A",79,40.72740794,-73.98142006,"10009"
"197",446,"W 24 St & 7 Ave",47,40.74487634,-73.99529885,"10011"
"198",447,"8 Ave & W 52 St",31,40.76370739,-73.9851615,"10019"
"199",448,"W 37 St & 10 Ave",27,40.75660359,-73.9979009,"10018"
"200",450,"W 49 St & 8 Ave",67,40.76227205,-73.98788205,"10019"
"201",453,"W 22 St & 8 Ave",66,40.74475148,-73.99915362,"10011"
"202",454,"E 51 St & 1 Ave",35,40.75455731,-73.96592976,"10022"
"203",455,"1 Ave & E 44 St",59,40.75001986,-73.96905301,"10017"
"204",456,"E 53 St & Madison Ave",35,40.7597108,-73.97402311,"10022"
"205",459,"W 20 St & 11 Ave",49,40.746745,-74.007756,"10011"
"206",460,"S 4 St & Wythe Ave",25,40.71285887,-73.96590294,"11249"
"207",461,"E 20 St & 2 Ave",56,40.73587678,-73.98205027,"10003"
"208",462,"W 22 St & 10 Ave",47,40.74691959,-74.00451887,"10011"
"209",465,"Broadway & W 41 St",39,40.75513557,-73.98658032,"10036"
"210",466,"W 25 St & 6 Ave",35,40.74395411,-73.99144871,"10010"
"211",467,"Dean St & 4 Ave",34,40.68312489,-73.97895137,"11217"
"212",468,"Broadway & W 56 St",65,40.7652654,-73.98192338,"10019"
"213",469,"Broadway & W 53 St",57,40.76344058,-73.98268129,"10019"
"214",470,"W 20 St & 8 Ave",72,40.74345335,-74.00004031,"10011"
"215",471,"Grand St & Havemeyer St",31,40.71286844,-73.95698119,"11211"
"216",472,"E 32 St & Park Ave",55,40.7457121,-73.98194829,"10016"
"217",473,"Rivington St & Chrystie St",38,40.72110063,-73.9919254,"10002"
"218",474,"5 Ave & E 29 St",56,40.7451677,-73.98683077,"10016"
"219",476,"E 31 St & 3 Ave",47,40.74394314,-73.97966069,"10016"
"220",477,"W 41 St & 8 Ave",59,40.75640548,-73.9900262,"10018"
"221",478,"11 Ave & W 41 St",37,40.76030096,-73.99884222,"10018"
"222",479,"9 Ave & W 45 St",31,40.76019252,-73.9912551,"10036"
"223",480,"W 53 St & 10 Ave",27,40.76669671,-73.99061728,"10019"
"224",481,"S 3 St & Bedford Ave",25,40.71260486,-73.96264403,"11249"
"225",482,"W 15 St & 7 Ave",77,40.73935542,-73.99931783,"10011"
"226",483,"E 12 St & 3 Ave",34,40.73223272,-73.98889957,"10003"
"227",485,"W 37 St & 5 Ave",40,40.75038009,-73.98338988,"10018"
"228",486,"Broadway & W 29 St",41,40.7462009,-73.98855723,"10001"
"229",487,"E 20 St & FDR Drive",34,40.73314259,-73.97573881,"10009"
"230",490,"8 Ave & W 33 St",66,40.751551,-73.993934,"10001"
"231",492,"W 33 St & 7 Ave",68,40.75019995,-73.99093085,"10001"
"232",494,"W 26 St & 8 Ave",66,40.74734825,-73.99723551,"10001"
"233",495,"W 47 St & 10 Ave",39,40.76269882,-73.99301222,"10036"
"234",496,"E 16 St & 5 Ave",47,40.73726186,-73.99238967,"10003"
"235",497,"E 17 St & Broadway",66,40.73704984,-73.99009296,"10003"
"236",498,"Broadway & W 32 St",30,40.74854862,-73.98808416,"10001"
"237",499,"Broadway & W 60 St",36,40.76915505,-73.98191841,"10023"
"238",500,"Broadway & W 51 St",52,40.76228826,-73.98336183,"10019"
"239",501,"FDR Drive & E 35 St",79,40.744219,-73.97121214,"10016"
"240",502,"Henry St & Grand St",30,40.714215,-73.981346,"10002"
"241",503,"E 20 St & Park Ave",31,40.73827428,-73.98751968,"10003"
"242",504,"1 Ave & E 16 St",53,40.73221853,-73.98165557,"10009"
"243",505,"6 Ave & W 33 St",39,40.74901271,-73.98848395,"10001"
"244",507,"E 25 St & 2 Ave",45,40.73912601,-73.97973776,"10010"
"245",508,"W 46 St & 11 Ave",25,40.76341379,-73.99667444,"10036"
"246",509,"9 Ave & W 22 St",63,40.7454973,-74.00197139,"10011"
"247",513,"W 56 St & 10 Ave",27,40.768254,-73.988639,"10019"
"248",515,"W 43 St & 10 Ave",35,40.76009437,-73.99461843,"10036"
"249",516,"E 47 St & 1 Ave",31,40.75206862,-73.96784384,"10017"
"250",517,"Pershing Square South",69,40.751581,-73.97791,"10168"
"251",518,"E 39 St & 2 Ave",39,40.74780373,-73.9734419,"10016"
"252",519,"Pershing Square North",69,40.751873,-73.977706,"10017"
"253",522,"E 51 St & Lexington Ave",51,40.75714758,-73.97207836,"10022"
"254",523,"W 38 St & 8 Ave",51,40.75466591,-73.99138152,"10018"
"255",525,"W 34 St & 11 Ave",56,40.75594159,-74.0021163,"10001"
"256",526,"E 33 St & 5 Ave",40,40.74765947,-73.98490707,"10016"
"257",528,"2 Ave & E 31 St",39,40.74290902,-73.97706058,"10016"
"258",529,"W 42 St & 8 Ave",41,40.7575699,-73.99098507,"10018"
"259",530,"11 Ave & W 59 St",24,40.77149671,-73.99046034,"10019"
"260",531,"Forsyth St & Broome St",39,40.71893904,-73.99266288,"10002"
"261",532,"S 5 Pl & S 5 St",43,40.710451,-73.960876,"11211"
"262",533,"Broadway & W 38 St",46,40.75299641,-73.98721619,"10018"
"263",534,"Water - Whitehall Plaza",31,40.70255065,-74.0127234,"10004"
"264",536,"1 Ave & E 30 St",29,40.74144387,-73.97536082,"10016"
"265",539,"Metropolitan Ave & Bedford Ave",31,40.71534825,-73.96024116,"11211"
"266",540,"Lexington Ave & E 29 St",30,40.74311555,-73.98215353,"10016"
"267",545,"E 23 St & 1 Ave",27,40.736502,-73.97809472,"10010"
"268",546,"E 30 St & Park Ave S",45,40.74444921,-73.98303529,"10016"
"269",2000,"Front St & Washington St",30,40.70255088,-73.98940236,"11201"
"270",2002,"Wythe Ave & Metropolitan Ave",27,40.716887,-73.963198,"11249"
"271",2003,"1 Ave & E 18 St",54,40.73381219,-73.98054421,"10009"
"272",2005,"Railroad Ave & Kay Ave",12,40.70531194,-73.97100056,"11249"
"273",2006,"Central Park S & 6 Ave",49,40.76590936,-73.97634151,"10019"
"274",2008,"Little West St & 1 Pl",24,40.70569254,-74.01677685,"10004"
"275",2009,"Catherine St & Monroe St",35,40.71117444,-73.99682619,"10038"
"276",2010,"Grand St & Greene St",0,40.72165481,-74.00234737,"10013"
"277",2012,"E 27 St & 1 Ave",36,40.739445,-73.976806,"10016"
"278",2017,"E 43 St & 2 Ave",39,40.75022392,-73.97121414,"10017"
"279",2021,"W 45 St & 8 Ave",43,40.75929124,-73.98859651,"10036"
"280",2022,"E 60 St & York Ave",33,40.759107,-73.959223,"10022"
"281",2023,"E 55 St & Lexington Ave",36,40.75968085,-73.97031366,"10022"
"282",3002,"South End Ave & Liberty St",25,40.711512,-74.015756,"10280"
"283",3016,"Kent Ave & N 7 St",54,40.72036775,-73.96165073,"11249"
"284",3041,"Kingston Ave & Herkimer St",24,40.67890679,-73.94142771,"11213"
"285",3042,"Fulton St & Utica Ave",19,40.6794268,-73.9298911,"11233"
"286",3043,"Lewis Ave & Decatur St",19,40.6814598,-73.934903,"11233"
"287",3044,"Albany Ave & Fulton St",27,40.6800105,-73.938475,"11216"
"288",3046,"Marcus Garvey Blvd & Macon St",19,40.682601,-73.938037,"11216"
"289",3047,"Halsey St & Tompkins Ave",21,40.6823687,-73.944118,"11216"
"290",3048,"Putnam Ave & Nostrand Ave",19,40.68402,-73.94977,"11216"
"291",3049,"Cambridge Pl & Gates Ave",18,40.68488,-73.96304,"11238"
"292",3050,"Putnam Ave & Throop Ave",21,40.6851532,-73.94111,"11221"
"293",3052,"Lewis Ave & Madison St",23,40.686312,-73.935775,"11221"
"294",3053,"Marcy Ave & Lafayette Ave",23,40.6900815,-73.947915,"11216"
"295",3054,"Greene Ave & Throop Ave",19,40.6894932,-73.942061,"11221"
"296",3055,"Greene Ave & Nostrand Ave",23,40.6883337,-73.950916,"11216"
"297",3056,"Kosciuszko St & Nostrand Ave",23,40.69072549,-73.95133465,"11216"
"298",3057,"Kosciuszko St & Tompkins Ave",18,40.69128258,-73.9452416,"11221"
"299",3058,"Lewis Ave & Kosciuszko St",24,40.69237074,-73.93705428,"11221"
"300",3059,"Pulaski St & Marcus Garvey Blvd",19,40.6933982,-73.939877,"11221"
"301",3060,"Willoughby Ave & Tompkins Ave",19,40.69425403,-73.94626915,"11206"
"302",3061,"Throop Ave & Myrtle Ave",21,40.69622937,-73.94371094,"11206"
"303",3062,"Myrtle Ave & Marcy Ave",23,40.69539817,-73.94954908,"11206"
"304",3063,"Nostrand Ave & Myrtle Ave",20,40.69527008,-73.95238108,"11205"
"305",3064,"Myrtle Ave & Lewis Ave",23,40.69681963,-73.93756926,"11206"
"306",3065,"Union Ave & Wallabout St",31,40.70029511,-73.95032283,"11206"
"307",3066,"Tompkins Ave & Hopkins St",19,40.69957608,-73.94708417,"11206"
"308",3067,"Broadway & Whipple St",27,40.7016657,-73.9437303,"11206"
"309",3068,"Humboldt St & Varet St",42,40.7031724,-73.940636,"11206"
"310",3069,"Lorimer St & Broadway",29,40.70411791,-73.94818595,"11206"
"311",3070,"McKibbin St & Manhattan Ave",23,40.70510918,-73.94407279,"11206"
"312",3071,"Boerum St & Broadway",19,40.70538077,-73.94976519,"11206"
"313",3072,"Leonard St & Boerum St",24,40.70583339,-73.94644578,"11206"
"314",3074,"Montrose Ave & Bushwick Ave",42,40.70767788,-73.94016171,"11206"
"315",3075,"Division Ave & Marcy Ave",33,40.70708701,-73.95796783,"11211"
"316",3076,"Scholes St & Manhattan Ave",36,40.70870368,-73.9448625,"11206"
"317",3077,"Stagg St & Union Ave",33,40.70877084,-73.95095259,"11211"
"318",3078,"Broadway & Roebling St",27,40.70924826,-73.96063149,"11211"
"319",3080,"S 4 St & Rodney St",21,40.70934,-73.95608,"11211"
"320",3081,"Graham Ave & Grand St",29,40.711863,-73.944024,"11211"
"321",3082,"Hope St & Union Ave",25,40.71167351,-73.95141312,"11211"
"322",3083,"Bushwick Ave & Powers St",32,40.71247661,-73.94100005,"11211"
"323",3085,"Roebling St & N 4 St",25,40.71469,-73.95739,"11211"
"324",3086,"Graham Ave & Conselyea St",30,40.715143,-73.944507,"11211"
"325",3087,"Metropolitan Ave & Meeker Ave",30,40.71413311,-73.95234386,"11211"
"326",3088,"Union Ave & Jackson St",19,40.7160751,-73.952029,"11211"
"327",3092,"Berry St & N 8 St",27,40.7190095,-73.95852515,"11249"
"328",3093,"N 6 St & Bedford Ave",28,40.71745169,-73.95850939,"11249"
"329",3094,"Graham Ave & Withers St",18,40.7169811,-73.94485918,"11211"
"330",3095,"Graham Ave & Herbert St",26,40.71929301,-73.94500379,"11222"
"331",3096,"Union Ave & N 12 St",39,40.71924,-73.95242,"11211"
"332",3100,"Nassau Ave & Newell St",51,40.72481256,-73.94752622,"11222"
"333",3101,"N 12 St & Bedford Ave",27,40.72079821,-73.95484712,"11249"
"334",3102,"Driggs Ave & Lorimer St",27,40.72179134,-73.9504154,"11222"
"335",3105,"N 15 St & Wythe Ave",24,40.724055,-73.955736,"11249"
"336",3106,"Driggs Ave & N Henry St",22,40.72325,-73.94308,"11222"
"337",3107,"Bedford Ave & Nassau Ave",39,40.72311651,-73.95212324,"11222"
"338",3108,"Nassau Ave & Russell St",51,40.72557,-73.94434,"11222"
"339",3109,"Banker St & Meserole Ave",31,40.72606,-73.95621,"11222"
"340",3110,"Meserole Ave & Manhattan Ave",28,40.72708584,-73.95299117,"11222"
"341",3112,"Milton St & Franklin St",33,40.72906,-73.95779,"11222"
"342",3113,"Greenpoint Ave & Manhattan Ave",27,40.73026,-73.95394,"11222"
"343",3115,"India St & Manhattan Ave",50,40.73232194,-73.9550858,"11222"
"344",3116,"Huron St & Franklin St",35,40.73266,-73.95826,"11222"
"345",3117,"Franklin St & Dupont St",27,40.73564,-73.95866,"11222"
"346",3118,"McGuinness Blvd & Eagle St",42,40.73555,-73.95284,"11222"
"347",3119,"Vernon Blvd & 50 Ave",45,40.74232744,-73.95411749,"11101"
"348",3121,"Jackson Ave & 46 Rd",27,40.74524768,-73.94733276,"11101"
"349",3122,"48 Ave & 5 St",31,40.74436329,-73.95587325,"11109"
"350",3123,"31 St & Thomson Ave",27,40.74469738,-73.93540375,"11101"
"351",3124,"46 Ave & 5 St",27,40.74731,-73.95451,"11101"
"352",3125,"45 Rd & 11 St",23,40.74708586,-73.94977234,"11101"
"353",3126,"44 Dr & Jackson Ave",34,40.74718234,-73.9432635,"11101"
"354",3127,"9 St & 44 Rd",35,40.74966,-73.9521,"11101"
"355",3128,"21 St & 43 Ave",23,40.75052534,-73.94594845,"11101"
"356",3129,"Queens Plaza North & Crescent St",31,40.75110165,-73.94073717,"11101"
"357",3130,"21 St & Queens Plaza North",31,40.75325964,-73.94335788,"11101"
"358",3131,"E 68 St & 3 Ave",31,40.7671284,-73.96224618,"10065"
"359",3132,"E 59 St & Madison Ave",35,40.76350532,-73.97109243,"10022"
"360",3134,"3 Ave & E 62 St",51,40.76312584,-73.96526895,"10065"
"361",3135,"E 75 St & 3 Ave",41,40.77112927,-73.95772297,"10021"
"362",3136,"5 Ave & E 63 St",47,40.766368,-73.971518,"10065"
"363",3137,"5 Ave & E 73 St",31,40.77282817,-73.96685276,"10021"
"364",3139,"E 72 St & Park Ave",43,40.77118288,-73.96409422,"10021"
"365",3140,"1 Ave & E 78 St",55,40.77140426,-73.9535166,"10075"
"366",3141,"1 Ave & E 68 St",59,40.76500525,-73.95818491,"10065"
"367",3142,"1 Ave & E 62 St",41,40.7612274,-73.96094022,"10065"
"368",3143,"5 Ave & E 78 St",47,40.77632142,-73.96427393,"10075"
"369",3144,"E 81 St & Park Ave",46,40.77677702,-73.9590097,"10028"
"370",3145,"E 84 St & Park Ave",45,40.77862688,-73.95772073,"10028"
"371",3146,"E 81 St & 3 Ave",47,40.77573034,-73.9567526,"10028"
"372",3148,"E 84 St & 1 Ave",31,40.77565541,-73.95068615,"10028"
"373",3150,"E 85 St & York Ave",47,40.77536905,-73.94803392,"10028"
"374",3151,"E 81 St & York Ave",43,40.7728384,-73.94989233,"10028"
"375",3152,"3 Ave & E 71 St",42,40.76873687,-73.96119945,"10021"
"376",3154,"E 77 St & 3 Ave",31,40.77314236,-73.95856158,"10075"
"377",3155,"Lexington Ave & E 63 St",39,40.76440023,-73.96648977,"10065"
"378",3156,"E 72 St & York Ave",37,40.76663814,-73.95348296,"10021"
"379",3157,"East End Ave & E 86 St",27,40.77518615,-73.94446054,"10028"
"380",3158,"W 63 St & Broadway",31,40.77163851,-73.98261428,"10023"
"381",3159,"W 67 St & Broadway",31,40.77492513,-73.98266566,"10023"
"382",3160,"Central Park West & W 76 St",39,40.77896784,-73.97374737,"10024"
"383",3161,"W 76 St & Columbus Ave",59,40.78018397,-73.97728533,"10023"
"384",3162,"W 78 St & Broadway",39,40.78339981,-73.98093133,"10024"
"385",3163,"Central Park West & W 68 St",43,40.7734066,-73.97782542,"10023"
"386",3164,"Columbus Ave & W 72 St",67,40.7770575,-73.97898475,"10023"
"387",3165,"Central Park West & W 72 St",51,40.77579377,-73.97620574,"10023"
"388",3166,"Riverside Dr & W 72 St",41,40.78057799,-73.98562431,"10023"
"389",3167,"Amsterdam Ave & W 73 St",55,40.77966809,-73.98093045,"10023"
"390",3168,"Central Park West & W 85 St",31,40.78472675,-73.96961715,"10024"
"391",3169,"Riverside Dr & W 82 St",39,40.78720869,-73.98128127,"10024"
"392",3170,"W 84 St & Columbus Ave",35,40.78499979,-73.97283406,"10024"
"393",3171,"Amsterdam Ave & W 82 St",39,40.78524672,-73.97667321,"10024"
"394",3172,"W 74 St & Columbus Ave",27,40.7785669,-73.97754961,"10023"
"395",3173,"Riverside Blvd & W 67 St",39,40.77750703,-73.98888588,"10069"
"396",3175,"W 70 St & Amsterdam Ave",31,40.77748046,-73.98288594,"10023"
"397",3177,"W 84 St & Broadway",63,40.7867947,-73.977112,"10024"
"398",3178,"Riverside Dr & W 78 St",39,40.78414472,-73.98362492,"10024"
"399",3179,"Park Ave & Marcus Garvey Blvd",23,40.698617,-73.941342,"11206"
"400",3180,"Brooklyn Bridge Park - Pier 2",0,40.69878,-73.99712,"11201"
"401",3183,"Exchange Place",30,40.7162469,-74.0334588,"07302"
"402",3184,"Paulus Hook",14,40.7141454,-74.0335519,"07302"
"403",3185,"City Hall",22,40.7177325,-74.043845,"07302"
"404",3186,"Grove St PATH",42,40.71958612,-74.04311746,"07302"
"405",3187,"Warren St",22,40.7211236,-74.03805095,"07302"
"406",3191,"Union St",18,40.7182113,-74.0836394,"07304"
"407",3192,"Liberty Light Rail",22,40.7112423,-74.0557013,"07304"
"408",3193,"Lincoln Park",18,40.7246051,-74.07840595,"07306"
"409",3194,"McGinley Square",22,40.72533993,-74.06762213,"07306"
"410",3195,"Sip Ave",34,40.7308971,-74.06391263,"07306"
"411",3196,"Riverview Park",18,40.7443187,-74.0439909,"07307"
"412",3198,"Heights Elevator",18,40.74871595,-74.0404433,"07307"
"413",3199,"Newport Pkwy",14,40.7287448,-74.0321082,"07310"
"414",3201,"Dey St",18,40.737711,-74.066921,"07306"
"415",3202,"Newport PATH",18,40.7272235,-74.0337589,"07310"
"416",3203,"Hamilton Park",26,40.72759597,-74.04424731,"07302"
"417",3205,"JC Medical Center",22,40.71653978,-74.04963791,"07302"
"418",3206,"Hilltop",26,40.7311689,-74.0575736,"07306"
"419",3207,"Oakland Ave",26,40.7376037,-74.0524783,"07306"
"420",3209,"Brunswick St",22,40.7241765,-74.0506564,"07302"
"421",3210,"Pershing Field",18,40.74267714,-74.05178863,"07307"
"422",3211,"Newark Ave",22,40.72152515,-74.04630454,"07302"
"423",3212,"Christ Hospital",22,40.73478582,-74.05044364,"07306"
"424",3213,"Van Vorst Park",22,40.71848892,-74.04772663,"07302"
"425",3214,"Essex Light Rail",22,40.7127742,-74.0364857,"07302"
"426",3220,"5 Corners Library",18,40.73496102,-74.05950308,"07306"
"427",3221,"47 Ave & 31 St",27,40.743,-73.93561,"11101"
"428",3225,"Baldwin at Montgomery",14,40.7236589,-74.0641943,"07304"
"429",3226,"W 82 St & Central Park West",45,40.78275,-73.97137,"10024"
"430",3231,"E 67 St & Park Ave",39,40.7678008,-73.96592081,"10065"
"431",3232,"Bond St & Fulton St",31,40.68962189,-73.98304269,"11201"
"432",3235,"E 41 St & Madison Ave",31,40.75216528,-73.97992194,"10017"
"433",3236,"W 42 St & Dyer Ave",33,40.75898481,-73.99379969,"10036"
"434",3241,"Monroe St & Tompkins Ave",19,40.686203,-73.944694,"11216"
"435",3242,"Schermerhorn St & Court St",39,40.69102926,-73.99183363,"11201"
"436",3243,"E 58 St & 1 Ave (NE Corner)",29,40.75892386,-73.96226227,"10022"
"437",3244,"University Pl & E 8 St",42,40.73143724,-73.99490342,"10003"
"438",3249,"Verona Pl & Fulton St",19,40.68035608,-73.9476791,"11216"
"439",3255,"8 Ave & W 31 St",19,40.75058535,-73.99468482,"10001"
"440",3256,"Pier 40 - Hudson River Park",23,40.72771408,-74.01129574,"10014"
"441",3258,"W 27 St & 10 Ave",37,40.75018156,-74.00218427,"10001"
"442",3259,"9 Ave & W 28 St",27,40.74937024,-73.99923384,"10001"
"443",3260,"Mercer St & Bleecker St",45,40.72706363,-73.99662137,"10012"
"444",3263,"Cooper Square & Astor Pl",59,40.72951496,-73.9907527,"10003"
"445",3267,"Morris Canal",14,40.71241882,-74.03852552,"07302"
"446",3268,"Lafayette Park",14,40.71346383,-74.06285852,"07304"
"447",3269,"Brunswick & 6th",14,40.72601173,-74.05038893,"07302"
"448",3270,"Jersey & 6th St",14,40.72528911,-74.04557168,"07302"
"449",3272,"Jersey & 3rd",14,40.72333159,-74.04595256,"07302"
"450",3273,"Manila & 1st",18,40.72165072,-74.04288411,"07302"
"451",3275,"Columbus Drive",14,40.7183552,-74.03891444,"07302"
"452",3276,"Marin Light Rail",26,40.71458404,-74.04281706,"07302"
"453",3277,"Communipaw & Berry Lane",14,40.71435837,-74.06661093,"07304"
"454",3278,"Monmouth and 6th",14,40.72568548,-74.04879034,"07302"
"455",3279,"Dixon Mills",18,40.72163014,-74.04996783,"07302"
"456",3280,"Astor Place",14,40.7192822,-74.07126188,"07304"
"457",3281,"Leonard Gordon Park",14,40.74590997,-74.05727148,"07307"
"458",3282,"5 Ave & E 88 St",38,40.78307,-73.95939,"10128"
"459",3283,"W 89 St & Columbus Ave",47,40.7882213,-73.97041561,"10024"
"460",3284,"E 88 St & Park Ave",38,40.7814107,-73.95595908,"10128"
"461",3285,"W 87 St & Amsterdam Ave",43,40.78839,-73.9747,"10024"
"462",3286,"E 89 St & 3 Ave",39,40.7806284,-73.9521667,"10128"
"463",3288,"E 88 St & 1 Ave",39,40.778301,-73.9488134,"10128"
"464",3289,"W 90 St & Amsterdam Ave",32,40.79017948,-73.97288918,"10024"
"465",3290,"E 89 St & York Ave",35,40.7779453,-73.946041,"10128"
"466",3292,"5 Ave & E 93 St",43,40.7857851,-73.957481,"10128"
"467",3293,"W 92 St & Broadway",24,40.7921,-73.9739,"10025"
"468",3294,"E 91 St & Park Ave",38,40.7835016,-73.955327,"10128"
"469",3295,"Central Park W & W 96 St",59,40.79127,-73.964839,"10025"
"470",3296,"E 93 St & 2 Ave",42,40.78245418,-73.94891962,"10128"
"471",3297,"6 St & 7 Ave",21,40.6686627,-73.97988067,"11215"
"472",3298,"Warren St & Court St",23,40.686371,-73.99383324,"11201"
"473",3299,"E 98 St & Park Ave",25,40.78813,-73.95206,"10029"
"474",3300,"Prospect Park West & 8 St",25,40.66514682,-73.97637606,"11215"
"475",3301,"Columbus Ave & W 95 St",39,40.7919557,-73.968087,"10025"
"476",3302,"Columbus Ave & W 103 St",22,40.7969347,-73.96434123,"10025"
"477",3303,"Butler St & Court St",25,40.6849894,-73.99440329,"11231"
"478",3304,"6 Ave & 9 St",27,40.668127,-73.98377641,"11215"
"479",3305,"E 91 St & 2 Ave",39,40.7811223,-73.94965589,"10128"
"480",3306,"10 St & 7 Ave",23,40.6662078,-73.98199886,"11215"
"481",3307,"West End Ave & W 94 St",31,40.7941654,-73.974124,"10025"
"482",3308,"Kane St & Clinton St",27,40.6861758,-73.99645295,"11231"
"483",3309,"E 97 St & 3 Ave",30,40.7859201,-73.94860294,"10029"
"484",3310,"14 St & 7 Ave",24,40.663779,-73.98396846,"11215"
"485",3311,"Columbia St & Kane St",21,40.68763155,-74.0016256,"11231"
"486",3312,"1 Ave & E 94 St",39,40.7817212,-73.94594,"10128"
"487",3313,"6 Ave & 12 St",29,40.6663181,-73.9854617,"11215"
"488",3314,"W 95 St & Broadway",32,40.7937704,-73.971888,"10025"
"489",3315,"Henry St & Degraw St",23,40.6847514,-73.99917254,"11231"
"490",3317,"10 St & 5 Ave",24,40.6686273,-73.98700053,"11215"
"491",3318,"2 Ave & E 96 St",39,40.7839636,-73.9471673,"10128"
"492",3319,"14 St & 5 Ave",21,40.666287,-73.98895053,"11215"
"493",3320,"Central Park West & W 100 St",49,40.79406661,-73.96286845,"10025"
"494",3321,"Clinton St & Union St",25,40.6831164,-73.99785267,"11231"
"495",3322,"12 St & 4 Ave",25,40.668603,-73.9904394,"11215"
"496",3323,"W 106 St & Central Park West",59,40.7981856,-73.9605909,"10025"
"497",3324,"3 Ave & 14 St",25,40.6685455,-73.99333264,"11215"
"498",3326,"Clinton St & Centre St",21,40.67434,-74.00194698,"11231"
"499",3327,"3 Ave & E 100 St",27,40.7877214,-73.94728331,"10029"
"500",3328,"W 100 St & Manhattan Ave",39,40.795,-73.9645,"10025"
"501",3329,"Degraw St & Smith St",27,40.6829151,-73.99318208,"11231"
"502",3330,"Henry St & Bay St",19,40.6725058,-74.00494695,"11231"
"503",3331,"Riverside Dr & W 104 St",39,40.8013434,-73.97114574,"10025"
"504",3332,"Degraw St & Hoyt St",19,40.68199044,-73.99079025,"11217"
"505",3333,"Columbia St & Lorraine St",21,40.6747055,-74.0075572,"11231"
"506",3335,"Union St & 4 Ave",28,40.6772744,-73.98282002,"11215"
"507",3336,"E 97 St & Madison Ave",41,40.787801,-73.953559,"10029"
"508",3337,"Dwight St & Van Dyke St",23,40.67363551,-74.01195556,"11231"
"509",3338,"2 Ave & E 99 St",31,40.7862586,-73.94552579,"10029"
"510",3339,"Berkeley Pl & 6 Ave",23,40.6765304,-73.97846879,"11217"
"511",3340,"Wolcott St & Dwight St",21,40.6753274,-74.0100698,"11231"
"512",3341,"Central Park West & W 102 St",41,40.795346,-73.96186,"10025"
"513",3342,"Pioneer St & Richards St",23,40.6777748,-74.0094613,"11231"
"514",3343,"W 107 St & Columbus Ave",23,40.7997568,-73.96211287,"10025"
"515",3344,"Pioneer St & Van Brunt St",19,40.679043,-74.011169,"11231"
"516",3345,"Madison Ave & E 99 St",35,40.78948542,-73.95242929,"10029"
"517",3346,"Berkeley Pl & 7 Ave",29,40.67514684,-73.97523209,"11217"
"518",3347,"Van Brunt St & Wolcott St",21,40.6773429,-74.01275056,"11231"
"519",3348,"Coffey St & Conover St",19,40.677236,-74.015665,"11231"
"520",3349,"Grand Army Plaza & Plaza St West",30,40.6729679,-73.97087984,"11238"
"521",3350,"W 100 St & Broadway",39,40.7973721,-73.97041192,"10025"
"522",3351,"E 102 St & 1 Ave",25,40.7869946,-73.94164802,"10029"
"523",3352,"Sigourney St & Columbia St",21,40.67267243,-74.00879525,"11231"
"524",3354,"3 St & Prospect Park West",31,40.668132,-73.97363831,"11215"
"525",3355,"E 66 St & Madison Ave",25,40.76800889,-73.96845281,"10065"
"526",3356,"Amsterdam Ave & W 66 St",21,40.7746671,-73.98470567,"10023"
"527",3357,"W 106 St & Amsterdam Ave",35,40.8008363,-73.96644925,"10025"
"528",3358,"Garfield Pl & 8 Ave",25,40.6711978,-73.97484126,"11215"
"529",3359,"E 68 St & Madison Ave",35,40.7691572,-73.96703464,"10065"
"530",3360,"Amsterdam Ave & W 79 St",25,40.7829391,-73.9786517,"10024"
"531",3361,"Carroll St & 6 Ave",23,40.6740886,-73.9787282,"11215"
"532",3362,"Madison Ave & E 82 St",34,40.7781314,-73.96069399,"10028"
"533",3363,"E 102 St & Park Ave",33,40.7904828,-73.95033068,"10029"
"534",3364,"Carroll St & 5 Ave",27,40.6751622,-73.9814832,"11215"
"535",3365,"3 St & 7 Ave",27,40.6703837,-73.97839676,"11215"
"536",3366,"West End Ave & W 107 St",31,40.8021174,-73.96818053,"10025"
"537",3367,"5 Ave & E 103 St",39,40.7922553,-73.95249933,"10029"
"538",3368,"5 Ave & 3 St",30,40.6728155,-73.98352355,"11215"
"539",3369,"E 82 St & East End Ave",29,40.7724607,-73.9468208,"10028"
"540",3370,"E 78 St & 2 Ave",25,40.7727966,-73.95577801,"10075"
"541",3371,"4 Ave & 2 St",27,40.67461342,-73.98501143,"11215"
"542",3372,"E 74 St & 1 Ave",39,40.7689738,-73.95482273,"10021"
"543",3373,"3 St & 3 Ave",27,40.6750705,-73.98775226,"11215"
"544",3374,"Central Park North & Adam Clayton Powell Blvd",36,40.799484,-73.955613,"10026"
"545",3375,"3 Ave & E 72 St",35,40.7699426,-73.96060712,"10021"
"546",3376,"E 65 St & 2 Ave",39,40.76471852,-73.9622207,"10065"
"547",3377,"Carroll St & Bond St",25,40.6786115,-73.99037292,"11231"
"548",3378,"E 76 St & Park Ave",28,40.773763,-73.96222088,"10021"
"549",3379,"E 103 St & Lexington Ave",35,40.7903051,-73.94755757,"10029"
"550",3381,"3 St & Hoyt St",21,40.6777287,-73.99364123,"11231"
"551",3382,"Carroll St & Smith St",31,40.680611,-73.99475825,"11231"
"552",3383,"Cathedral Pkwy & Broadway",25,40.804213,-73.96699104,"10025"
"553",3384,"Smith St & 3 St",25,40.6787242,-73.99599099,"11231"
"554",3386,"1 Pl & Clinton St",27,40.6809591,-73.99905709,"11231"
"555",3387,"E 106 St & Madison Ave",25,40.7934337,-73.94945003,"10029"
"556",3388,"President St & Henry St",25,40.6828003,-73.99990419,"11231"
"557",3389,"Carroll St & Columbia St",28,40.6830456,-74.00348559,"11231"
"558",3390,"E 109 St & 3 Ave",24,40.79329668,-73.9432083,"10029"
"559",3391,"E 106 St & 1 Ave",25,40.7892529,-73.93956237,"10029"
"560",3392,"Commerce St & Van Brunt St",19,40.6812117,-74.00860912,"11231"
"561",3393,"Richards St & Delavan St",19,40.6794327,-74.00785041,"11231"
"562",3394,"Columbia St & W 9 St",21,40.6769993,-74.00647134,"11231"
"563",3395,"Henry St & W 9 St",19,40.6763744,-74.00324957,"11231"
"564",3396,"Clinton St & 4 Place",25,40.6783563,-74.00014502,"11231"
"565",3397,"Court St & Nelson St",25,40.6763947,-73.99869893,"11231"
"566",3398,"Smith St & 9 St",23,40.6746957,-73.99785768,"11231"
"567",3399,"7 St & 3 Ave",24,40.67260298,-73.98983002,"11215"
"568",3400,"E 110 St & Madison Ave",24,40.7961535,-73.94782145,"10029"
"569",3401,"2 Ave & 9 St",19,40.6724811,-73.99331394,"11215"
"570",3402,"Court St & State St",23,40.6902375,-73.99203074,"11201"
"571",3403,"4 Ave & 9 St",31,40.6705135,-73.98876585,"11215"
"572",3404,"7 St & 5 Ave",27,40.6704922,-73.98541675,"11215"
"573",3405,"5 St & 6 Ave",23,40.6704836,-73.98208968,"11215"
"574",3407,"Union St & Nevins St",23,40.679098,-73.98765475,"11215"
"575",3408,"Congress St & Clinton St",27,40.6881529,-73.99520919,"11201"
"576",3409,"Bergen St & Smith St",35,40.6867443,-73.99063168,"11201"
"577",3410,"Dean St & Hoyt St",31,40.6864442,-73.98759104,"11217"
"578",3411,"Bond St & Bergen St",27,40.6849668,-73.98620772,"11217"
"579",3412,"Pacific St & Nevins St",18,40.6853761,-73.98302136,"11217"
"580",3413,"Wyckoff St & 3 Ave",22,40.6827549,-73.98258555,"11217"
"581",3414,"Bergen St & Flatbush Ave",33,40.68094472,-73.97567332,"11217"
"582",3415,"Prospect Pl & 6 Ave",25,40.6793307,-73.97519523,"11217"
"583",3416,"7 Ave & Park Pl",25,40.6776147,-73.97324283,"11217"
"584",3417,"Baltic St & 5 Ave",27,40.6795766,-73.97854971,"11217"
"585",3418,"Plaza St West & Flatbush Ave",33,40.6750207,-73.97111473,"11217"
"586",3419,"Douglass St & 4 Ave",27,40.6792788,-73.98154004,"11217"
"587",3420,"Douglass St & 3 Ave",21,40.6802133,-73.98432695,"11217"
"588",3422,"Columbia St & Degraw St",21,40.6859296,-74.00242364,"11231"
"589",3423,"West Drive & Prospect Park West",29,40.66106337,-73.97945255,"11215"
"590",3424,"E 106 St & Lexington Ave",27,40.791976,-73.945993,"10029"
"591",3425,"2 Ave & E 104 St",33,40.7892105,-73.94370784,"10029"
"592",3427,"Lafayette St & Jersey St",40,40.72430527,-73.99600983,"10012"
"593",3429,"Hanson Pl & Ashland Pl",39,40.68506807,-73.9779076,"11217"
"594",3430,"Richardson St & N Henry St",25,40.71907891,-73.9422369,"11222"
"595",3434,"W 88 St & West End Ave",35,40.79025417,-73.9771834,"10024"
"596",3435,"Grand St & Elizabeth St",45,40.718822,-73.99596,"10013"
"597",3437,"Riverside Dr & W 91 St",39,40.79313481,-73.97700369,"10024"
"598",3440,"Fulton St & Adams St",43,40.69241829,-73.98949474,"11201"
"599",3449,"Eckford St & Engert Ave",18,40.72146256,-73.94800901,"11222"
"600",3452,"Bayard St & Leonard St",43,40.71915572,-73.94885391,"11222"
"601",3453,"Devoe St & Lorimer St",19,40.71335226,-73.94910336,"11211"
"602",3454,"Leonard St & Maujer St",24,40.71036854,-73.94705951,"11206"
"603",3456,"Jackson St & Leonard St",22,40.71638032,-73.94821286,"11211"
"604",3457,"E 58 St & Madison Ave",46,40.76302594,-73.97209525,"10022"
"605",3458,"W 55 St & 6 Ave",40,40.76309387,-73.97835016,"10019"
"606",3459,"E 53 St & 3 Ave",34,40.75763228,-73.96930575,"10022"
"607",3461,"Murray St & Greenwich St",33,40.71485151,-74.01122332,"10007"
"608",3463,"E 16 St & Irving Pl",37,40.73536706,-73.98797393,"10003"
"609",3466,"W 45 St & 6 Ave",34,40.75668721,-73.98257732,"10036"
"610",3467,"W Broadway & Spring Street",42,40.72494672,-74.00165856,"10012"
"611",3469,"India St & West St",23,40.73181402,-73.95995021,"11222"
"612",3472,"W 15 St & 10 Ave",39,40.74275383,-74.00747359,"10011"
"613",3477,"39 St & 2 Ave - Citi Bike HQ at Industry City",33,40.65539977,-74.01062787,"11232"
"614",3478,"2 Ave & 36 St - Citi Bike HQ at Industry City",43,40.65708867,-74.00870204,"11232"
"615",3481,"York St",22,40.71649,-74.04105,"07302"
"616",3483,"Montgomery St",14,40.71942,-74.05099,"07302"
"617",3486,"Schermerhorn St & Bond St",30,40.68841743,-73.98451656,"11201"
"618",3490,"E 116 St & 2 Ave",31,40.796879,-73.937261,"10029"
"619",3491,"E 118 St & 1 Ave",24,40.79747,-73.93504,"10035"
"620",3492,"E 118 St & Park Ave",27,40.8005385,-73.9419949,"10035"
"621",3493,"E 118 St & 3 Ave",31,40.799139,-73.9389152,"10035"
"622",3494,"E 115 St & Lexington Ave",25,40.797911,-73.9423,"10029"
"623",3495,"E 114 St & 1 Ave",26,40.7945663,-73.9362541,"10029"
"624",3496,"1 Ave & E 110 St",25,40.7923272,-73.9383,"10029"
"625",3497,"Pleasant Ave & E 116 St",23,40.7949879,-73.9333349,"10029"
"626",3498,"Pleasant Ave & E 120 St",21,40.7974772,-73.9311847,"10035"
"627",3499,"2 Ave & E 122 St",25,40.8006721,-73.9349,"10035"
"628",3500,"E 115 St & Madison Ave",31,40.7989445,-73.944846,"10029"
"629",3501,"E 118 St & Madison Ave",29,40.8014866,-73.9442507,"10035"
"630",3502,"Lexington Ave & E 111 St",29,40.7954121,-73.9441232,"10029"
"631",3503,"Madison Ave & E 120 St",30,40.80295,-73.942954,"10035"
"632",3504,"E 123 St & Lexington Ave",27,40.8029263,-73.9379,"10035"
"633",3505,"Lexington Ave & E 127 St",32,40.805726,-73.936322,"10035"
"634",3506,"Lexington Ave & E 120 St",29,40.8013066,-73.9398167,"10035"
"635",3507,"Park Ave & E 124 St",36,40.8045555,-73.9396861,"10035"
"636",3508,"St Nicholas Ave & Manhattan Ave",31,40.809725,-73.953149,"10027"
"637",3509,"Lenox Ave & W 115 St",31,40.8011939,-73.9500739,"10026"
"638",3510,"Adam Clayton Powell Blvd & W 123 St",31,40.8078316,-73.949373,"10027"
"639",3511,"Adam Clayton Powell Blvd & W 115 St",22,40.802535,-73.9532423,"10026"
"640",3512,"27 Ave & 4 St",19,40.7747175,-73.9337894,"11102"
"641",3513,"21 St & Hoyt Ave S",21,40.774645,-73.923706,"11102"
"642",3514,"Astoria Park S & Shore Blvd",23,40.7767,-73.927631,"11102"
"643",3515,"24 Ave & 26 St",19,40.774591,-73.918544,"11102"
"644",3516,"31 St & Astoria Blvd",31,40.7699176,-73.9184057,"11102"
"645",3517,"31 St & Hoyt Ave N",35,40.7711528,-73.9170074,"11102"
"646",3518,"Lenox Ave & W 126 St",34,40.808442,-73.9452087,"10027"
"647",3520,"Adam Clayton Powell Blvd & W 118 St",27,40.804372,-73.951475,"10026"
"648",3521,"Lenox Ave & W 111 St",36,40.7987859,-73.9523,"10026"
"649",3522,"37 St & 24 Ave",19,40.7701477,-73.9120938,"11105"
"650",3523,"24 Ave & 29 St",25,40.7729,-73.916142,"11102"
"651",3524,"19 St & 24 Ave",23,40.7774552,-73.9225403,"11102"
"652",3525,"23 Ave & 27 St",21,40.776165,-73.9153175,"11105"
"653",3526,"31 St & 23 Ave",27,40.7747878,-73.9125551,"11105"
"654",3527,"5 Ave & E 126 St",27,40.80698,-73.941747,"10035"
"655",3528,"Steinway St & 23 Ave",21,40.7713937,-73.9077436,"11105"
"656",3529,"Lenox Ave & W 130 St",25,40.8107922,-73.9430681,"10027"
"657",3530,"Crescent St & Ditmars Blvd",19,40.7787185,-73.9145645,"11105"
"658",3531,"Frederick Douglass Blvd & W 129 St",27,40.8125511,-73.9492286,"10027"
"659",3532,"Ditmars Blvd & 19 St",27,40.78145,-73.9183302,"11105"
"660",3533,"St. Nicholas Ave & W 126 St",34,40.8114323,-73.9518776,"10027"
"661",3534,"Frederick Douglass Blvd & W 117 St",39,40.805159,-73.954692,"10026"
"662",3535,"Mt Morris Park W & W 120 St",18,40.804038,-73.945925,"10035"
"663",3536,"W 116 St & Broadway",43,40.8082,-73.9641,"10027"
"664",3537,"Carlton Ave & Dean St",29,40.6809741,-73.9710097,"11238"
"665",3538,"W 110 St & Amsterdam Ave",45,40.802692,-73.96295,"10025"
"666",3539,"W 116 St & Amsterdam Ave",43,40.8067581,-73.9607082,"10027"
"667",3540,"Morningside Ave & W 123 St",35,40.81,-73.9551508,"10027"
"668",3541,"Amsterdam Ave & W 125 St",39,40.813358,-73.956461,"10027"
"669",3542,"Amsterdam Ave & W 119 St",29,40.8086249,-73.9596214,"10027"
"670",3543,"Morningside Dr & Amsterdam Ave",35,40.81028506,-73.95736456,"10027"
"671",3544,"Underhill Ave & Pacific St",27,40.6804836,-73.9646795,"11238"
"672",3545,"Broadway & W 122 St",33,40.8120562,-73.9612547,"10027"
"673",3546,"Pacific St & Classon Ave",21,40.6791944,-73.9587903,"11238"
"674",3547,"Broadway & Moylan Pl",41,40.8143256,-73.9590255,"10027"
"675",3549,"Grand Ave & Bergen St",25,40.678045,-73.962408,"11238"
"676",3551,"3 Ave & E 112 St",23,40.795508,-73.941606,"10029"
"677",3552,"W 113 St & Broadway",39,40.805973,-73.964928,"10025"
"678",3553,"Frederick Douglass Blvd & W 112 St",37,40.801694,-73.957145,"10026"
"679",3554,"Vernon Blvd & 41 Rd",27,40.7552433,-73.9485678,"11101"
"680",3555,"28 St & 41 Ave",27,40.751047,-73.93797,"11101"
"681",3556,"24 St & 41 Ave",19,40.7527085,-73.9397405,"11101"
"682",3557,"40 Ave & 9 St",19,40.75742,-73.945133,"11101"
"683",3558,"Bergen St & Vanderbilt Ave",27,40.6794388,-73.9680438,"11238"
"684",3559,"21 St & 38 Ave",19,40.7576314,-73.9391224,"11101"
"685",3560,"28 St & 38 Ave",19,40.754876,-73.934326,"11101"
"686",3561,"37 Ave & 35 St",26,40.7531106,-73.9279917,"11101"
"687",3562,"Classon Ave & St Marks Ave",27,40.6765198,-73.9596082,"11238"
"688",3563,"28 St & 36 Ave",29,40.757186,-73.932719,"11106"
"689",3564,"21 St & 36 Ave",19,40.7601853,-73.9362726,"11106"
"690",3565,"36 Ave & 10 St",19,40.7614376,-73.9411265,"11106"
"691",3566,"Crescent St & 35 Ave",25,40.7596276,-73.9321455,"11106"
"692",3567,"11 St & 35 Ave",19,40.7627442,-73.9391141,"11106"
"693",3568,"34 St & 35 Ave",21,40.7569332,-73.9262231,"11106"
"694",3569,"Franklin Ave & St Marks Ave",29,40.6758324,-73.9561677,"11238"
"695",3570,"35 Ave & 37 St",31,40.7557327,-73.9236611,"11101"
"696",3571,"Bedford Ave & Bergen St",24,40.676368,-73.952918,"11216"
"697",3572,"34 Ave & 38 St",33,40.756913,-73.921631,"11101"
"698",3573,"35 St & 34 Ave",25,40.7580583,-73.9242751,"11106"
"699",3574,"Prospect Pl & Underhill Ave",23,40.6769694,-73.96579,"11238"
"700",3575,"Crescent St & 34 Ave",19,40.76108,-73.930562,"11106"
"701",3576,"Park Pl & Vanderbilt Ave",27,40.6767,-73.969024,"11238"
"702",3577,"34 Ave & 21 St",23,40.7628138,-73.9342862,"11106"
"703",3578,"Park Pl & Franklin Ave",21,40.6741806,-73.9564947,"11216"
"704",3579,"Sterling Pl & Bedford Ave",25,40.672695,-73.954131,"11216"
"705",3580,"St Johns Pl & Washington Ave",30,40.6737236,-73.9631611,"11238"
"706",3581,"Underhill Ave & Lincoln Pl",27,40.6740123,-73.9671457,"11238"
"707",3582,"Lincoln Pl & Classon Ave",28,40.6721683,-73.9609,"11238"
"708",3583,"Eastern Pkwy & Washington Ave",31,40.6716493,-73.9631145,"11238"
"709",3584,"Eastern Pkwy & Franklin Ave",42,40.6707767,-73.9576801,"11225"
"710",3585,"Union St & Bedford Ave",24,40.6691783,-73.9554162,"11225"
"711",3586,"34 Ave & 13 St",19,40.7638753,-73.9364848,"11106"
"712",3587,"Carroll St & Washington Ave",27,40.6686744,-73.9618148,"11225"
"713",3588,"Vernon Blvd & 10 St",21,40.7671863,-73.9373554,"11106"
"714",3589,"Broadway & 12 St",19,40.7668,-73.9347774,"11106"
"715",3590,"Carroll St & Franklin Ave",19,40.6679411,-73.9588,"11225"
"716",3591,"21 St & 31 Dr",21,40.7659,-73.930819,"11106"
"717",3592,"Crescent St & Broadway",19,40.7633589,-73.9286471,"11106"
"718",3593,"31 St & Broadway",35,40.761584,-73.925921,"11106"
"719",3595,"35 St & Broadway",18,40.760339,-73.9222427,"11106"
"720",3596,"Sullivan Pl & Bedford Ave",19,40.6642406,-73.9574686,"11225"
"721",3597,"43 St & Broadway",25,40.7577284,-73.9166368,"11103"
"722",3598,"Newton Rd & 44 St",19,40.7595701,-73.9142678,"11103"
"723",3599,"Franklin Ave & Empire Blvd",27,40.66314,-73.9605695,"11225"
"724",3601,"Sterling St & Bedford Ave",19,40.6627059,-73.9569115,"11225"
"725",3602,"31 Ave & 34 St",23,40.763154,-73.920827,"11106"
"726",3603,"31 Ave & 30 St",21,40.7647,-73.9240312,"11106"
"727",3604,"Rogers Ave & Sterling St",17,40.6630619,-73.9538746,"11225"
"728",3605,"31 Ave & Crescent St",21,40.7658346,-73.9265474,"11106"
"729",3606,"49 Ave & 21 St",21,40.74252,-73.948852,"11101"
"730",3664,"North Moore St & Greenwich St",30,40.72019521,-74.01030064,"10013"
"731",3607,"31 Ave & 14 St",19,40.7682,-73.9322662,"11106"
"732",3608,"5 St & 51 Ave",21,40.7423737,-73.9566,"11101"
"733",3609,"Vernon Blvd & 31 Ave",23,40.7692475,-73.9354504,"11102"
"734",3610,"Vernon Blvd & 30 Rd",27,40.770845,-73.934171,"11102"
"735",3611,"Vernon Blvd & 47 Rd",31,40.7449067,-73.9534573,"11101"
"736",3612,"30 Ave & 21 St",15,40.7703743,-73.9286078,"11102"
"737",3613,"Center Blvd & 48 Ave",27,40.745038,-73.957539,"11101"
"738",3614,"Crescent St & 30 Ave",23,40.768692,-73.9249574,"11102"
"739",3615,"44 Dr & 21 St",21,40.748,-73.9460927,"11101"
"740",3616,"Steinway St & 28 Ave",25,40.7656251,-73.9136695,"11103"
"741",3617,"28 Ave & 35 St",27,40.7671,-73.9169858,"11103"
"742",3618,"27 St & Hunter St",25,40.7485,-73.941275,"11101"
"743",3619,"Newtown Ave & 23 St",19,40.7713615,-73.9246145,"11102"
"744",3620,"11 St & 43 Ave",23,40.7519071,-73.9479119,"11101"
"745",3621,"27 Ave & 9 St",19,40.7739825,-73.9309134,"11102"
"746",3622,"E 128 St & Madison Ave",15,40.80756,-73.939182,"10035"
"747",3623,"W 120 St & Claremont Ave",39,40.8109494,-73.9634,"10115"
"748",3628,"Lenox Ave & W 117 St",31,40.8025566,-73.9490782,"10026"
"749",3629,"Adam Clayton Powell Blvd & W 126 St",33,40.80949535,-73.94776493,"10027"
"750",3630,"Frederick Douglass Blvd & W 115 St",33,40.8038654,-73.9559308,"10026"
"751",3631,"Crown St & Bedford Ave",27,40.666563,-73.956741,"11225"
"752",3637,"Fulton St & Waverly Ave",31,40.68323865,-73.96599591,"11238"
"753",3638,"Washington St",18,40.7242941,-74.0354826,"07310"
"754",3639,"Harborside",30,40.7192517,-74.034234,"07302"
"755",3640,"Journal Square",18,40.73367,-74.0625,"07306"
"756",3641,"Broadway & W 25 St",54,40.74286877,-73.98918629,"10010"
"757",3646,"35 Ave & 10 St",26,40.76315482,-73.9398551,"11106"
"758",3647,"48 Ave & 30 Pl",23,40.74128309,-73.93725872,"11101"
"759",3648,"Flushing Ave & Vanderbilt Ave",25,40.69795032,-73.9707756,"11205"
"760",3649,"W 129 St & Convent Ave",30,40.81439444,-73.95324737,"10027"
"761",3654,"31 St & Northern Blvd",35,40.75186951,-73.9334929,"11101"
"762",3656,"E 2 St & Avenue A",46,40.72307749,-73.98583621,"10009"
"763",3658,"W 18 St & 9 Ave",27,40.74353373,-74.00367558,"10011"
"764",3659,"W 17 St & 9 Ave",0,40.74294892,-74.00413692,"10011"
"765",3660,"W 16 St & 8 Ave",39,40.74102151,-74.00138497,"10011"
"766",3661,"Montgomery St & Franklin Ave",19,40.66643931,-73.96055639,"11225"
"767",3662,"31 Ave & Steinway St",21,40.7612939,-73.91691685,"11103"
"768",3668,"Leonard St & Nassau Ave",26,40.72395678,-73.94984365,"11222"
"769",3671,"E 81 St & 2 Ave",37,40.77477945,-73.95427465,"10028"
"770",3673,"Dean St & Franklin Ave",21,40.67759207,-73.95563722,"11238"
"771",3674,"Jay St & York St",27,40.70140317,-73.9867267,"11201"
"772",3675,"3 Ave & E 95 St",31,40.7845968,-73.94968539,"10128"
"773",3676,"Van Brunt St & Van Dyke St",24,40.67583294,-74.01472628,"11231"
"774",3677,"Glenwood Ave",18,40.72755147,-74.07106072,"07306"
"775",3678,"Fairmount Ave",18,40.72572614,-74.07195926,"07306"
"776",3679,"Bergen Ave",14,40.72210379,-74.071455,"07304"
"777",3680,"E 43 St & 5 Ave",55,40.75412081,-73.98025185,"10175"
"778",3681,"Grand St",18,40.71517768,-74.03768331,"07302"
"779",3684,"W 12 St & W 4 St",43,40.73756121,-74.00398269,"10014"
"780",3686,"Gansevoort St & Hudson St",39,40.7394482,-74.00507033,"10014"
"781",3687,"E 33 St & 1 Ave",59,40.74322681,-73.97449784,"10016"
"782",3689,"W 104 St & Amsterdam Ave",47,40.79904139,-73.9664948,"10025"
"783",3690,"Park Pl & Church St",36,40.71334184,-74.00935516,"10007"
"784",3691,"28 Ave & 44 St",19,40.76408932,-73.91065121,"11103"
"785",3692,"5 St & Market St",15,40.69999748,-73.97440128,"11205"
"786",3693,"N 11 St & Kent Ave",27,40.72248189,-73.95921931,"11249"
"787",3694,"Jackson Square",18,40.71113,-74.0789,"07305"
"788",3697,"W 64 St & Thelonious Monk Circle",43,40.77515953,-73.98918696,"10023"
"789",3699,"W 50 St & 9 Ave",30,40.76360468,-73.98917958,"10019"
"790",3701,"Cliff St & Fulton St",37,40.70831794,-74.00504082,"10038"
"791",3704,"47 Ave & Skillman Ave",19,40.74375241,-73.94176483,"11101"
"792",3707,"Lexington Ave & E 26 St",55,40.741459,-73.983293,"10016"
"793",3708,"W 13 St & 5 Ave",28,40.735445,-73.99431,"10011"
"794",3709,"W 15 St & 6 Ave",51,40.73804614,-73.99642959,"10011"
"795",3711,"E 13 St & Avenue A",47,40.72966729,-73.98067966,"10009"
"796",3712,"W 35 St & Dyer Ave",41,40.75469175,-73.99740189,"10001"
"797",3714,"Division Av & Hooper St",61,40.70684203,-73.9544354,"11211"
"798",3715,"Driggs Ave & N 9 St",31,40.71816969,-73.95520136,"11211"
"799",3716,"40 Ave & Crescent St",23,40.7535992,-73.93795609,"11101"
"800",3718,"E 11 St & Avenue B",46,40.72746421,-73.97950418,"10009"
"801",3720,"Wyckoff St & Bond St",23,40.68461654,-73.98721285,"11217"
"802",3721,"31 St & Newtown Ave",35,40.76754878,-73.92093346,"11102"
"803",3723,"Cadman Plaza E & Johnson St",30,40.69531728,-73.99015725,"11201"
"804",3724,"7 Ave & Central Park South",39,40.76674056,-73.97906899,"10019"
"805",3725,"2 Ave & E 72 St",41,40.76876203,-73.95840794,"10021"
"806",3726,"Center Blvd & 51 Ave",20,40.74336608,-73.95960689,"11101"
"807",3727,"Frost St & Meeker Ave",38,40.71766197,-73.94880027,"11211"
"808",3728,"Pierrepont St & Monroe Pl",24,40.69535693,-73.99344027,"11201"
"809",3733,"Avenue C & E 18 St",46,40.730563,-73.973984,"10009"
"810",3734,"E 58 St &  1 Ave (NW Corner)",50,40.759125,-73.962658,"10022"
"811",3737,"Stanton St & Norfolk St",35,40.720747,-73.986274,"10002"
"812",3745,"36 Ave & 31 St",27,40.75651273,-73.92957486,"11106"
"813",3746,"6 Ave & Broome St",48,40.72430832,-74.00473036,"10013"
"814",3747,"E 84 St & 3 Ave",33,40.77755374,-73.9551276,"10028"
"815",3749,"Lexington Ave & E 36 St",23,40.74757396,-73.97880077,"10016"
"816",3755,"DeKalb Ave & Franklin Ave",19,40.69064807,-73.95746179,"11205"
"817",3756,"White St & Moore St",21,40.704508,-73.9351,"11206"
"818",3757,"Stagg St & Morgan Ave",23,40.710681,-73.93372,"11206"
"819",3758,"George St & Wilson Ave",19,40.702997,-73.92997,"11206"
"820",3759,"Irving Ave & Jefferson St",19,40.70538,-73.92535,"11237"
"821",3760,"Willoughby Ave & Wyckoff Ave",23,40.705614,-73.92153,"11237"
"822",3761,"Cedar St & Myrtle Ave",27,40.697842,-73.926241,"11221"
"823",3763,"Wyckoff Av & Jefferson St",0,40.707165,-73.923711,"11237"
"824",3764,"Bushwick Ave & McKibbin St",0,40.705517,-73.93936,"11206"
"825",3765,"Bushwick Ave & Stagg St",0,40.709897,-73.94008,"11206"
"826",3766,"Sharon St & Olive St",0,40.715353,-73.93856,"11211"
"827",3767,"Powers St & Olive St",0,40.71323,-73.93894,"11211"
"828",3768,"Waterbury St & Stagg St",0,40.71019,-73.93734,"11206"
"829",3769,"White St & Johnson Ave",0,40.707174,-73.93581,"11206"
"830",3770,"Central Ave & Flushing Ave",0,40.702831,-73.9333,"11206"
"831",3771,"McKibbin St & Bogart St",0,40.706237,-73.933871,"11206"
"832",3772,"Devoe St & Morgan Ave",0,40.713811,-73.93515,"11211"
"833",3773,"Knickerbocker Ave & Thames St",0,40.70539,-73.92976,"11237"
"834",3774,"Knickerbocker Ave & George St",0,40.704425,-73.92836,"11237"
"835",3775,"Suydam St & Knickerbocker Ave",0,40.702013,-73.923769,"11237"
"836",3776,"Central Ave & Starr Street",0,40.700003,-73.92834,"11221"
"837",3777,"Stockholm St & Wilson Ave",0,40.699304,-73.923044,"11237"
"838",3778,"Irving Ave & DeKalb Ave",0,40.7027,-73.92095,"11237"
"839",3779,"Hart St & Wyckoff Ave",0,40.704876,-73.919911,"11237"
"840",3780,"Wyckoff Av & Stanhope St",0,40.703545,-73.917775,"11237"
"841",3781,"Greene Av & Myrtle Av",0,40.698568,-73.918877,"11237"
